PriceRangeID,Departure_ariportID,Transit_ariportID,Landing_ariportID,DepartureDateID,ArrivalDateID,PassengerID,TicketID,PlaneID,CabinID,mileage,Price,Rate,ian,FlightFactID,AirlinesID
1,1,NULL,21,196,196,60313,7,1,325,1178,1360,0.92,255487,1,1
9,2,NULL,22,183,183,19822,8,2,1294,1178,5580,1.00,255488,2,1
3,3,NULL,23,175,175,60839,22,3,325,1178,520,0.35,255489,3,1
3,5,NULL,24,63,63,48668,23,5,325,1178,670,0.45,255490,4,1
1,6,NULL,25,196,196,18497,24,6,325,1178,1390,0.94,255491,5,1
1,8,NULL,26,183,183,26061,16,7,1294,1178,2240,0.39,255492,6,2
3,9,NULL,27,175,175,52302,17,8,325,1178,690,0.47,255493,7,2
3,12,NULL,29,63,63,28739,101,9,325,1178,670,0.45,255494,8,2
1,13,NULL,30,196,196,30979,102,10,325,1178,1400,0.94,255495,9,2
1,14,NULL,31,183,183,22087,178,11,1294,1178,5810,1.00,255496,10,2
3,16,NULL,32,175,175,6207,2,12,325,1178,520,0.35,255497,11,3
3,17,NULL,33,63,63,27916,3,13,325,1178,760,0.52,255498,12,3
4,18,NULL,34,196,196,34445,9,14,325,1178,795,0.54,255499,13,3
3,19,NULL,35,183,183,18912,10,15,1294,1178,2240,0.40,255500,14,3
3,20,NULL,36,175,175,57025,14,16,325,1178,1490,1.00,255501,15,3
3,21,NULL,1,63,63,20223,4,17,325,1178,630,0.43,255502,16,4
4,22,NULL,2,196,196,22111,5,18,325,1178,795,0.54,255503,17,4
3,23,NULL,3,183,183,49085,6,19,1294,1178,5660,1.00,255504,18,4
3,24,NULL,5,175,175,38238,11,1,325,1178,520,0.35,255505,19,4
3,25,NULL,6,63,63,19329,12,2,325,1178,1490,1.00,255506,20,4
4,26,NULL,8,196,196,38004,568918,3,325,1178,1100,0.74,255507,21,5
4,27,NULL,9,183,183,29189,568919,5,1294,1178,5660,1.00,255508,22,5
3,29,NULL,12,175,175,56074,568920,6,325,1178,520,0.35,255509,23,5
3,30,1,13,63,63,19989,568921,7,325,1178,1490,1.00,255510,24,5
4,31,NULL,14,196,196,13910,568922,8,325,1178,1100,0.74,255511,25,5
3,32,NULL,16,183,183,34142,568923,9,1294,1178,2240,0.40,255512,26,6
3,33,NULL,17,175,175,884,568924,10,325,1178,520,0.35,255513,27,6
1,34,NULL,18,63,63,14847,568925,11,325,1178,1490,1.00,255514,28,6
4,35,NULL,19,196,196,21149,568926,12,325,1178,1490,1.00,255515,29,6
3,36,NULL,20,183,183,41382,568927,13,1294,1178,5660,1.00,255516,30,6
3,1,NULL,21,175,175,35712,568928,14,325,1178,690,0.47,255517,31,7
1,2,NULL,22,63,63,31847,568929,15,325,1178,1490,1.00,255518,32,7
3,3,NULL,23,196,196,61766,568930,16,325,1178,830,0.56,255519,33,7
3,5,NULL,24,183,183,2052,568931,17,1294,1178,2240,0.40,255520,34,7
3,6,NULL,25,175,175,38477,568932,18,325,1178,520,0.35,255521,35,7
1,8,NULL,26,63,63,17789,2217,19,325,1178,1490,1.00,255522,36,8
3,9,NULL,27,196,196,11278,2218,1,325,1178,830,0.56,255523,37,8
3,12,NULL,29,183,183,35907,2219,2,1294,1178,5660,1.00,255524,38,8
3,13,NULL,30,175,175,46344,2220,3,325,1178,1490,1.00,255525,39,8
3,14,NULL,31,63,63,12518,2496,5,325,1178,830,0.56,255526,40,8
3,16,NULL,32,196,196,37717,64,6,325,1178,830,0.56,255527,41,9
12,17,NULL,33,184,184,48542,65,7,1294,1178,1310,0.35,255528,42,9
12,18,NULL,34,49,49,34121,76,8,1,1178,1190,0.32,255529,43,9
3,19,NULL,35,63,63,49988,77,9,325,1178,830,0.56,255530,44,9
3,20,NULL,36,196,196,13236,143,10,325,1178,920,0.62,255531,45,9
3,21,NULL,1,184,184,56634,1,11,1294,1178,2000,0.36,255532,46,12
3,22,NULL,2,49,49,7054,87,12,1,1178,2090,0.37,255533,47,12
3,23,31,3,63,63,32029,88,13,325,1178,830,0.56,255534,48,12
3,24,NULL,5,196,196,18478,165,14,325,1178,1490,1.00,255535,49,12
3,25,NULL,6,184,184,47726,238,15,1294,1178,5660,1.00,255536,50,12
1,26,NULL,8,49,49,21581,568933,16,1,1178,4540,0.80,255537,51,13
3,27,NULL,9,63,63,34213,568934,17,325,1178,920,0.62,255538,52,13
1,29,NULL,12,196,196,30748,568935,18,325,1178,1130,0.76,255539,53,13
1,30,NULL,13,184,184,53752,568936,19,1294,1178,2980,0.52,255540,54,13
1,31,NULL,14,49,49,47984,568937,1,1,1178,5680,1.00,255541,55,13
3,32,NULL,16,63,63,62768,568938,2,325,1178,630,0.43,255542,56,14
1,33,NULL,17,196,196,47433,568939,3,325,1178,1130,0.76,255543,57,14
1,34,NULL,18,184,184,18854,568940,5,1294,1178,5810,1.00,255544,58,14
3,35,NULL,19,49,49,30533,568941,6,1,1178,2090,0.37,255545,59,14
3,36,NULL,20,63,63,38603,568942,7,325,1178,1490,1.00,255546,60,14
1,1,NULL,21,196,196,24583,7,8,325,1178,1130,0.76,255547,61,1
1,2,NULL,22,184,184,58318,8,9,1294,1178,3730,0.65,255548,62,1
1,3,NULL,23,49,49,39752,22,10,1,1178,4540,0.80,255549,63,1
1,5,NULL,24,63,63,36255,23,11,325,1178,1490,1.00,255550,64,1
1,6,NULL,25,196,196,57993,24,12,325,1178,1490,1.00,255551,65,1
1,8,NULL,26,184,184,7919,16,13,1294,1178,4170,0.72,255552,66,2
1,9,NULL,27,49,49,31637,17,14,1,1178,5680,1.00,255553,67,2
4,12,NULL,29,40,40,15870,101,15,325,1178,1100,0.74,255554,68,2
1,13,NULL,30,196,196,20178,102,16,325,1178,1210,0.82,255555,69,2
4,14,NULL,31,184,184,20474,178,17,1294,1178,1625,0.29,255556,70,2
3,16,NULL,32,49,49,19376,2,18,1,1178,2090,0.37,255557,71,3
4,17,24,33,40,40,1,3,19,325,1178,1490,1.00,255558,72,3
1,18,NULL,34,196,196,33192,9,1,325,1178,1280,0.86,255559,73,3
4,19,NULL,35,184,184,15361,10,2,1294,1178,5660,1.00,255560,74,3
3,20,NULL,36,49,49,19851,14,3,1,1178,2090,0.37,255561,75,3
1,21,NULL,1,40,40,39546,4,5,325,1178,930,0.63,255562,76,4
1,22,NULL,2,196,196,18990,5,6,325,1178,1360,0.92,255563,77,4
3,23,NULL,3,184,184,13530,6,7,1294,1178,2240,0.40,255564,78,4
1,24,NULL,5,49,49,38313,11,8,1,1178,4540,0.80,255565,79,4
1,25,NULL,6,40,40,35105,12,9,325,1178,930,0.63,255566,80,4
1,26,NULL,8,196,196,54947,568918,10,325,1178,1390,0.94,255567,81,5
3,27,NULL,9,184,184,2205,568919,11,1294,1178,5660,1.00,255568,82,5
1,29,NULL,12,49,49,16571,568920,12,1,1178,5680,1.00,255569,83,5
1,30,NULL,13,40,40,37055,568921,13,325,1178,980,0.66,255570,84,5
9,31,NULL,14,196,196,21262,568922,14,325,1178,830,0.62,255571,85,5
2,32,NULL,16,184,184,1482,568923,15,1294,1178,1490,0.43,255572,86,6
3,33,NULL,17,49,49,15583,568924,16,1,1178,2090,0.37,255573,87,6
1,34,NULL,18,40,40,29861,568925,17,325,1178,1490,1.00,255574,88,6
9,35,NULL,19,196,196,28467,568926,18,325,1178,830,0.62,255575,89,6
2,36,NULL,20,184,184,48939,568927,19,1294,1178,1490,0.43,255576,90,6
3,1,NULL,21,49,49,29829,568928,1,1,1178,2090,0.37,255577,91,7
1,2,NULL,22,40,40,21977,568929,2,325,1178,1490,1.00,255578,92,7
9,3,NULL,23,196,196,3914,568930,3,325,1178,830,0.62,255579,93,7
2,5,NULL,24,184,184,3649,568931,5,1294,1178,3470,1.00,255580,94,7
1,6,NULL,25,49,49,34195,568932,6,1,1178,4540,0.80,255581,95,7
9,8,18,26,40,40,42020,2217,7,325,1178,720,0.59,255582,96,8
9,9,NULL,27,196,196,56786,2218,8,325,1178,920,0.68,255583,97,8
3,12,NULL,29,184,184,33815,2219,9,1294,1178,2240,0.40,255584,98,8
1,13,NULL,30,49,49,23841,2220,10,1,1178,5680,1.00,255585,99,8
9,14,NULL,31,40,40,14342,2496,11,325,1178,720,0.59,255586,100,8
9,16,NULL,32,196,196,39313,64,12,325,1178,1360,1.00,255587,101,9
3,17,NULL,33,184,184,18338,65,13,1294,1178,5660,1.00,255588,102,9
3,18,NULL,34,49,49,7619,76,14,1,1178,2090,0.37,255589,103,9
9,19,NULL,35,40,40,22321,77,15,325,1178,760,0.62,255590,104,9
3,20,NULL,36,196,196,44850,143,16,325,1178,830,0.56,255591,105,9
1,21,NULL,1,184,184,28199,1,17,1294,1178,2980,0.52,255592,106,12
3,22,NULL,2,49,49,41954,87,18,1,1178,2090,0.37,255593,107,12
9,23,NULL,3,40,40,47318,88,19,325,1178,850,0.69,255594,108,12
3,24,NULL,5,196,196,4867,165,1,325,1178,830,0.56,255595,109,12
1,25,NULL,6,184,184,31526,238,2,1294,1178,5810,1.00,255596,110,12
3,26,NULL,8,49,49,44723,568933,3,1,1178,2090,0.37,255597,111,13
9,27,NULL,9,40,40,36544,568934,5,325,1178,730,0.59,255598,112,13
3,29,NULL,12,196,196,24999,568935,6,325,1178,830,0.56,255599,113,13
1,30,NULL,13,184,184,44589,568936,7,1294,1178,3730,0.65,255600,114,13
1,31,NULL,14,49,49,37889,568937,8,1,1178,4540,0.80,255601,115,13
9,32,NULL,16,40,40,35326,568938,9,325,1178,1240,1.00,255602,116,14
3,33,NULL,17,196,196,20786,568939,10,325,1178,920,0.62,255603,117,14
1,34,NULL,18,184,184,31824,568940,11,1294,1178,4170,0.72,255604,118,14
1,35,NULL,19,49,49,38798,568941,12,1,1178,5680,1.00,255605,119,14
4,36,9,20,40,40,54639,568942,13,325,1178,1005,0.68,255606,120,14
3,1,NULL,21,196,196,47619,7,14,325,1178,1490,1.00,255607,121,1
4,2,NULL,22,184,184,28924,8,15,1294,1178,1625,0.29,255608,122,1
3,3,NULL,23,49,49,277,22,16,1,1178,2090,0.37,255609,123,1
4,5,NULL,24,40,40,39485,23,17,325,1178,1005,0.68,255610,124,1
1,6,NULL,25,196,196,46849,24,18,325,1178,1130,0.76,255611,125,1
4,8,NULL,26,184,184,20621,16,19,1294,1178,5660,1.00,255612,126,2
3,9,NULL,27,49,49,28332,17,1,1,1178,2090,0.37,255613,127,2
4,12,NULL,29,40,40,43647,101,2,325,1178,1005,0.68,255614,128,2
1,13,NULL,30,196,196,1861,102,3,325,1178,1130,0.76,255615,129,2
3,14,NULL,31,184,184,3163,178,5,1294,1178,2980,0.53,255616,130,2
1,16,NULL,32,49,49,3571,2,6,1,1178,4540,0.80,255617,131,3
4,17,NULL,33,40,40,14375,3,7,325,1178,1010,0.68,255618,132,3
1,18,NULL,34,196,196,19525,9,8,325,1178,1130,0.76,255619,133,3
3,19,NULL,35,184,184,21306,10,9,1294,1178,5660,1.00,255620,134,3
1,20,NULL,36,49,49,28945,14,10,1,1178,5680,1.00,255621,135,3
4,21,NULL,1,40,40,31995,4,11,325,1178,1310,0.88,255622,136,4
1,22,NULL,2,196,196,31128,5,12,325,1178,1490,1.00,255623,137,4
1,23,NULL,3,184,184,53168,6,13,1294,1178,2980,0.52,255624,138,4
3,24,NULL,5,49,49,41448,11,14,1,1178,2090,0.37,255625,139,4
4,25,NULL,6,40,40,28672,12,15,325,1178,1490,1.00,255626,140,4
1,26,NULL,8,196,196,58653,568918,16,325,1178,1210,0.82,255627,141,5
1,27,NULL,9,184,184,8397,568919,17,1294,1178,5810,1.00,255628,142,5
1,29,NULL,12,49,49,50236,568920,18,1,1178,4540,0.80,255629,143,5
3,30,1,13,40,40,34589,568921,19,325,1178,790,0.54,255630,144,5
1,31,NULL,14,196,196,49572,568922,1,325,1178,1280,0.86,255631,145,5
1,32,NULL,16,184,184,22498,568923,2,1294,1178,3730,0.65,255632,146,6
1,33,NULL,17,49,49,40759,568924,3,1,1178,5680,1.00,255633,147,6
3,34,NULL,18,40,40,35532,568925,5,325,1178,790,0.54,255634,148,6
1,35,NULL,19,196,196,40553,568926,6,325,1178,1360,0.92,255635,149,6
1,36,NULL,20,184,184,31087,568927,7,1294,1178,4170,0.72,255636,150,6
3,1,NULL,21,49,49,2,568928,8,1,1178,2090,0.37,255637,151,7
3,2,NULL,22,40,40,4255,568929,9,325,1178,830,0.56,255638,152,7
3,3,NULL,23,196,196,18516,568930,10,325,1178,600,0.41,255639,153,7
3,5,NULL,24,184,184,3172,568931,11,1294,1178,2980,0.53,255640,154,7
1,6,NULL,25,49,49,10630,568932,12,1,1178,4540,0.80,255641,155,7
3,8,NULL,26,40,40,6582,2217,13,325,1178,920,0.62,255642,156,8
3,9,NULL,27,196,196,7270,2218,14,325,1178,600,0.41,255643,157,8
3,12,NULL,29,184,184,1202,2219,15,1294,1178,5660,1.00,255644,158,8
1,13,NULL,30,49,49,27060,2220,16,1,1178,5680,1.00,255645,159,8
3,14,NULL,31,40,40,6053,2496,17,325,1178,800,0.54,255646,160,8
3,16,NULL,32,196,196,33075,64,18,325,1178,600,0.41,255647,161,9
1,17,NULL,33,184,184,41736,65,19,1294,1178,2240,0.39,255648,162,9
3,18,NULL,34,49,49,38760,76,1,1,1178,2090,0.37,255649,163,9
3,19,NULL,35,40,40,19198,77,2,325,1178,860,0.58,255650,164,9
3,20,NULL,36,196,196,2564,143,3,325,1178,760,0.52,255651,165,9
1,21,NULL,1,184,184,3,1,5,1294,1178,5810,1.00,255652,166,12
3,22,NULL,2,49,49,4,87,6,1,1178,5660,1.00,255653,167,12
3,23,31,3,40,40,57802,88,7,325,1178,1490,1.00,255654,168,12
3,24,NULL,5,196,196,29543,165,8,325,1178,1490,1.00,255655,169,12
1,25,NULL,6,184,184,5685,238,9,1294,1178,2980,0.52,255656,170,12
9,26,NULL,8,49,49,60065,568933,10,1,1178,1980,0.39,255657,171,13
3,27,NULL,9,40,41,23379,568934,11,325,1178,930,0.63,255658,172,13
9,29,NULL,12,196,196,60776,568935,12,325,1178,600,0.45,255659,173,13
1,30,NULL,13,184,184,61931,568936,13,1294,1178,3730,0.65,255660,174,13
9,31,NULL,14,49,49,58061,568937,14,1,1178,2380,0.47,255661,175,13
3,32,NULL,16,40,41,41625,568938,15,325,1178,930,0.63,255662,176,14
9,33,NULL,17,196,196,51685,568939,16,325,1178,600,0.45,255663,177,14
1,34,NULL,18,184,184,1679,568940,17,1294,1178,4170,0.72,255664,178,14
3,35,NULL,19,49,49,45940,568941,18,1,1178,2090,0.37,255665,179,14
3,36,NULL,20,40,41,39176,568942,19,325,1178,980,0.66,255666,180,14
9,1,NULL,21,196,196,5,7,1,325,1178,600,0.45,255667,181,1
3,2,NULL,22,184,184,31481,8,2,1294,1178,2980,0.53,255668,182,1
1,3,NULL,23,49,49,29519,22,3,1,1178,4540,0.80,255669,183,1
3,5,NULL,24,40,41,14283,23,5,325,1178,1070,0.72,255670,184,1
9,6,NULL,25,196,196,39073,24,6,325,1178,690,0.51,255671,185,1
3,8,NULL,26,184,184,22184,16,7,1294,1178,5660,1.00,255672,186,2
1,9,NULL,27,49,49,61082,17,8,1,1178,5680,1.00,255673,187,2
3,12,NULL,29,40,41,57503,101,9,325,1178,940,0.64,255674,188,2
9,13,NULL,30,196,196,20303,102,10,325,1178,1360,1.00,255675,189,2
1,14,NULL,31,184,184,45027,178,11,1294,1178,2980,0.52,255676,190,2
3,16,NULL,32,49,49,12728,2,12,1,1178,2090,0.37,255677,191,3
3,17,24,33,40,41,62910,3,13,325,1178,1010,0.68,255678,192,3
1,18,NULL,34,196,196,59603,9,14,325,1178,670,0.45,255679,193,3
1,19,NULL,35,184,184,35672,10,15,1294,1178,5810,1.00,255680,194,3
9,20,NULL,36,49,49,26656,14,16,1,1178,1980,0.39,255681,195,3
3,21,NULL,1,40,41,59387,4,17,325,1178,1490,1.00,255682,196,4
1,22,NULL,2,196,196,10609,5,18,325,1178,670,0.45,255683,197,4
1,23,NULL,3,184,184,11488,6,19,1294,1178,3730,0.65,255684,198,4
9,24,NULL,5,49,49,49163,11,1,1,1178,2380,0.47,255685,199,4
12,25,NULL,6,40,41,48525,12,2,325,1178,620,0.46,255686,200,4
1,26,NULL,8,196,196,51451,568918,3,325,1178,670,0.45,255687,201,5
1,27,NULL,9,184,184,6935,568919,5,1294,1178,4170,0.72,255688,202,5
1,29,NULL,12,49,49,29529,568920,6,1,1178,4540,0.80,255689,203,5
12,30,NULL,13,40,41,60183,568921,7,325,1178,700,0.52,255690,204,5
1,31,NULL,14,196,196,44651,568922,8,325,1178,1490,1.00,255691,205,5
3,32,NULL,16,184,184,3535,568923,9,1294,1178,2980,0.53,255692,206,6
1,33,NULL,17,49,49,15727,568924,10,1,1178,5680,1.00,255693,207,6
12,34,NULL,18,40,41,25619,568925,11,325,1178,620,0.46,255694,208,6
1,35,NULL,19,196,196,53971,568926,12,325,1178,760,0.52,255695,209,6
3,36,NULL,20,184,184,56851,568927,13,1294,1178,5660,1.00,255696,210,6
3,1,NULL,21,49,49,2356,568928,14,1,1178,2090,0.37,255697,211,7
12,2,NULL,22,40,41,44725,568929,15,325,1178,634,0.47,255698,212,7
1,3,NULL,23,196,196,25893,568930,16,325,1178,830,0.56,255699,213,7
3,5,NULL,24,184,184,37153,568931,17,1294,1178,2980,0.53,255700,214,7
3,6,NULL,25,49,49,3545,568932,18,1,1178,2090,0.37,255701,215,7
12,8,18,26,40,41,41539,2217,19,325,1178,610,0.45,255702,216,8
1,9,NULL,27,196,196,60544,2218,1,325,1178,980,0.66,255703,217,8
3,12,NULL,29,184,184,44989,2219,2,1294,1178,5660,1.00,255704,218,8
12,13,NULL,30,50,50,59088,2220,3,1,1178,1190,0.32,255705,219,8
12,14,NULL,31,40,41,27068,2496,5,325,1178,650,0.48,255706,220,8
3,16,NULL,32,196,196,61475,64,6,325,1178,600,0.41,255707,221,9
3,17,NULL,33,184,184,54857,65,7,1294,1178,2980,0.53,255708,222,9
3,18,NULL,34,50,50,41003,76,8,1,1178,2090,0.37,255709,223,9
12,19,NULL,35,40,41,12398,77,9,325,1178,1360,1.00,255710,224,9
3,20,NULL,36,196,196,16463,143,10,325,1178,600,0.41,255711,225,9
3,21,NULL,1,184,184,45355,1,11,1294,1178,5660,1.00,255712,226,12
1,22,NULL,2,50,50,25342,87,12,1,1178,4540,0.80,255713,227,12
12,23,NULL,3,17,17,383,88,13,1294,1178,1940,0.95,255714,228,12
3,24,NULL,5,196,196,53441,165,14,325,1178,600,0.41,255715,229,12
8,25,NULL,6,184,184,33269,238,15,1294,1178,1860,0.60,255716,230,12
1,26,NULL,8,50,50,47029,568933,16,1,1178,5680,1.00,255717,231,13
12,27,NULL,9,17,17,39904,568934,17,1294,1178,2040,1.00,255718,232,13
3,29,NULL,12,196,196,92,568935,18,325,1178,690,0.47,255719,233,13
8,30,NULL,13,184,184,38997,568936,19,1294,1178,3100,1.00,255720,234,13
3,31,NULL,14,50,50,24612,568937,1,1,1178,2090,0.37,255721,235,13
3,32,NULL,16,17,17,38094,568938,2,1294,1178,2240,0.42,255722,236,14
3,33,NULL,17,196,196,15414,568939,3,325,1178,1490,1.00,255723,237,14
1,34,NULL,18,184,184,51516,568940,5,1294,1178,2980,0.52,255724,238,14
1,35,NULL,19,50,50,13170,568941,6,1,1178,4540,0.80,255725,239,14
3,36,9,20,17,17,4967,568942,7,1294,1178,5360,1.00,255726,240,14
4,1,NULL,21,196,196,12793,7,8,325,1178,715,0.48,255727,241,1
1,2,NULL,22,184,184,46372,8,9,1294,1178,5810,1.00,255728,242,1
1,3,NULL,23,50,50,13361,22,10,1,1178,5680,1.00,255729,243,1
4,5,NULL,24,17,17,28401,23,11,1294,1178,1935,0.34,255730,244,1
4,6,NULL,25,196,196,26768,24,12,325,1178,715,0.48,255731,245,1
1,8,NULL,26,184,184,19284,16,13,1294,1178,3730,0.65,255732,246,2
3,9,NULL,27,50,50,42463,17,14,1,1178,2090,0.37,255733,247,2
4,12,NULL,29,17,17,58169,101,15,1294,1178,5660,1.00,255734,248,2
4,13,NULL,30,196,196,21245,102,16,325,1178,1020,0.69,255735,249,2
1,14,NULL,31,184,184,61880,178,17,1294,1178,4170,0.72,255736,250,2
3,16,NULL,32,50,50,31954,2,18,1,1178,5660,1.00,255737,251,3
1,17,NULL,33,17,17,47552,3,19,1294,1178,2980,0.53,255738,252,3
4,18,NULL,34,196,196,30821,9,1,325,1178,1020,0.69,255739,253,3
3,19,NULL,35,184,184,12456,10,2,1294,1178,3730,0.66,255740,254,3
3,20,NULL,36,50,50,53742,14,3,1,1178,2090,0.37,255741,255,3
1,21,NULL,1,17,17,920,4,5,1294,1178,5660,1.00,255742,256,4
4,22,NULL,2,196,196,34514,5,6,325,1178,1490,1.00,255743,257,4
3,23,NULL,3,184,184,32991,6,7,1294,1178,5660,1.00,255744,258,4
1,24,NULL,5,50,50,4470,11,8,1,1178,4540,0.80,255745,259,4
3,25,NULL,6,17,17,4449,12,9,1294,1178,2240,0.42,255746,260,4
3,26,NULL,8,196,196,57733,568918,10,325,1178,600,0.41,255747,261,5
3,27,NULL,9,184,184,2410,568919,11,1294,1178,2980,0.53,255748,262,5
1,29,NULL,12,50,50,59608,568920,12,1,1178,5680,1.00,255749,263,5
3,30,1,13,17,17,9214,568921,13,1294,1178,5360,1.00,255750,264,5
3,31,NULL,14,196,196,39038,568922,14,325,1178,600,0.41,255751,265,5
3,32,NULL,16,184,184,61427,568923,15,1294,1178,5660,1.00,255752,266,6
3,33,NULL,17,50,50,50808,568924,16,1,1178,2090,0.37,255753,267,6
4,34,NULL,18,17,17,40778,568925,17,1294,1178,1935,0.34,255754,268,6
3,35,NULL,19,196,196,25304,568926,18,325,1178,600,0.41,255755,269,6
1,36,NULL,20,184,184,45231,568927,19,1294,1178,3730,0.65,255756,270,6
3,1,NULL,21,50,50,20166,568928,1,1,1178,2090,0.37,255757,271,7
4,2,NULL,22,17,17,39090,568929,2,1294,1178,5660,1.00,255758,272,7
3,3,NULL,23,196,196,58774,568930,3,325,1178,690,0.47,255759,273,7
1,5,NULL,24,184,184,56953,568931,5,1294,1178,5810,1.00,255760,274,7
1,6,NULL,25,50,50,33677,568932,6,1,1178,4540,0.80,255761,275,7
1,8,NULL,26,17,17,36064,2217,7,1294,1178,2980,0.53,255762,276,8
3,9,NULL,27,196,196,17904,2218,8,325,1178,1490,1.00,255763,277,8
1,12,NULL,29,184,184,1574,2219,9,1294,1178,4170,0.72,255764,278,8
1,13,NULL,30,50,50,2492,2220,10,1,1178,5680,1.00,255765,279,8
1,14,NULL,31,17,17,27550,2496,11,1294,1178,5660,1.00,255766,280,8
3,16,NULL,32,196,196,35011,64,12,325,1178,600,0.41,255767,281,9
4,17,NULL,33,184,184,24922,65,13,1294,1178,1625,0.29,255768,282,9
3,18,NULL,34,50,50,3997,76,14,1,1178,2090,0.37,255769,283,9
3,19,NULL,35,17,17,59397,77,15,1294,1178,2240,0.42,255770,284,9
3,20,NULL,36,196,196,53468,143,16,325,1178,600,0.41,255771,285,9
4,21,NULL,1,184,184,31079,1,17,1294,1178,5660,1.00,255772,286,12
3,22,NULL,2,50,50,6,87,18,1,1178,2090,0.37,255773,287,12
3,23,31,3,17,17,19080,88,19,1294,1178,5360,1.00,255774,288,12
3,24,NULL,5,196,196,33471,165,1,325,1178,600,0.41,255775,289,12
3,25,NULL,6,184,184,37619,238,2,1294,1178,3730,0.66,255776,290,12
3,26,NULL,8,50,50,29500,568933,3,1,1178,2090,0.37,255777,291,13
3,27,NULL,9,17,17,7200,568934,5,1294,1178,2980,0.56,255778,292,13
3,29,NULL,12,196,196,42733,568935,6,325,1178,690,0.47,255779,293,13
3,30,NULL,13,184,184,25035,568936,7,1294,1178,5660,1.00,255780,294,13
1,31,NULL,14,50,50,12181,568937,8,1,1178,4540,0.80,255781,295,13
3,32,NULL,16,17,17,27530,568938,9,1294,1178,5360,1.00,255782,296,14
3,33,NULL,17,196,196,19132,568939,10,325,1178,1490,1.00,255783,297,14
1,34,NULL,18,184,184,13931,568940,11,1294,1178,2980,0.52,255784,298,14
1,35,NULL,19,50,50,29160,568941,12,1,1178,5680,1.00,255785,299,14
1,36,NULL,20,17,17,31546,568942,13,1294,1178,5660,1.00,255786,300,14
12,1,NULL,21,196,196,34607,7,14,325,1178,770,0.57,255787,301,1
1,2,NULL,22,184,184,60605,8,15,1294,1178,5810,1.00,255788,302,1
3,3,NULL,23,50,50,21243,22,16,1,1178,2090,0.37,255789,303,1
3,5,NULL,24,17,17,27511,23,17,1294,1178,3730,0.70,255790,304,1
12,6,NULL,25,196,196,46793,24,18,325,1178,700,0.52,255791,305,1
1,8,NULL,26,184,184,24939,16,19,1294,1178,3730,0.65,255792,306,2
3,9,NULL,27,50,50,62705,17,1,1,1178,2090,0.37,255793,307,2
3,12,NULL,29,17,17,53443,101,2,1294,1178,5360,1.00,255794,308,2
12,13,NULL,30,196,196,11611,102,3,325,1178,704,0.52,255795,309,2
1,14,NULL,31,184,184,9598,178,5,1294,1178,4170,0.72,255796,310,2
1,16,NULL,32,50,50,16656,2,6,1,1178,4540,0.80,255797,311,3
1,17,24,33,17,17,41911,3,7,1294,1178,2980,0.53,255798,312,3
12,18,NULL,34,196,196,9064,9,8,325,1178,720,0.53,255799,313,3
3,19,NULL,35,184,184,56015,10,9,1294,1178,2980,0.53,255800,314,3
1,20,NULL,36,50,50,7257,14,10,1,1178,5680,1.00,255801,315,3
1,21,NULL,1,17,17,32892,4,11,1294,1178,5660,1.00,255802,316,4
12,22,NULL,2,196,196,44864,5,12,325,1178,820,0.61,255803,317,4
3,23,NULL,3,184,184,58308,6,13,1294,1178,5660,1.00,255804,318,4
3,24,NULL,5,50,50,29625,11,14,1,1178,2090,0.37,255805,319,4
3,25,NULL,6,17,17,10550,12,15,1294,1178,2980,0.56,255806,320,4
12,26,NULL,8,196,196,32369,568918,16,325,1178,680,0.50,255807,321,5
1,27,NULL,9,184,184,11476,568919,17,1294,1178,2980,0.52,255808,322,5
1,29,NULL,12,50,50,13025,568920,18,1,1178,4540,0.80,255809,323,5
3,30,NULL,13,17,17,3936,568921,19,1294,1178,5360,1.00,255810,324,5
12,31,NULL,14,196,196,55348,568922,1,325,1178,1360,1.00,255811,325,5
1,32,NULL,16,184,184,23476,568923,2,1294,1178,5810,1.00,255812,326,6
1,33,NULL,17,50,50,15619,568924,3,1,1178,5680,1.00,255813,327,6
1,34,NULL,18,17,17,18844,568925,5,1294,1178,2980,0.53,255814,328,6
3,35,NULL,19,196,196,52635,568926,6,325,1178,600,0.41,255815,329,6
1,36,NULL,20,184,184,12547,568927,7,1294,1178,3730,0.65,255816,330,6
1,1,NULL,21,50,50,51913,568928,8,1,1178,4540,0.80,255817,331,7
1,2,NULL,22,17,17,60495,568929,9,1294,1178,5660,1.00,255818,332,7
3,3,NULL,23,196,196,14846,568930,10,325,1178,600,0.41,255819,333,7
1,5,NULL,24,184,184,8048,568931,11,1294,1178,4170,0.72,255820,334,7
1,6,NULL,25,50,50,53730,568932,12,1,1178,5680,1.00,255821,335,7
3,8,18,26,17,17,55653,2217,13,1294,1178,2980,0.56,255822,336,8
3,9,NULL,27,196,196,52925,2218,14,325,1178,760,0.52,255823,337,8
3,12,NULL,29,184,184,19892,2219,15,1294,1178,2980,0.53,255824,338,8
3,13,NULL,30,50,50,57376,2220,16,1,1178,2090,0.37,255825,339,8
3,14,NULL,31,17,17,10516,2496,17,1294,1178,5360,1.00,255826,340,8
3,16,NULL,32,196,196,4792,64,18,325,1178,1490,1.00,255827,341,9
3,17,NULL,33,184,184,31412,65,19,1294,1178,5660,1.00,255828,342,9
3,18,NULL,34,50,50,490,76,1,1,1178,5660,1.00,255829,343,9
3,19,NULL,35,17,17,39879,77,2,1294,1178,2980,0.56,255830,344,9
1,20,NULL,36,196,196,54353,143,3,325,1178,1490,1.00,255831,345,9
1,21,NULL,1,184,184,29373,1,5,1294,1178,3730,0.65,255832,346,12
3,22,NULL,2,50,50,22067,87,6,1,1178,2090,0.37,255833,347,12
3,23,NULL,3,17,17,43273,88,7,1294,1178,5360,1.00,255834,348,12
4,24,NULL,5,196,196,1448,165,8,325,1178,715,0.48,255835,349,12
1,25,NULL,6,184,184,16741,238,9,1294,1178,5810,1.00,255836,350,12
9,26,NULL,8,50,50,7,568933,10,1,1178,1980,0.39,255837,351,13
3,27,NULL,9,17,17,39192,568934,11,1294,1178,2980,0.56,255838,352,13
4,29,NULL,12,196,196,18522,568935,12,325,1178,1020,0.69,255839,353,13
1,30,NULL,13,184,184,8,568936,13,1294,1178,4170,0.72,255840,354,13
9,31,NULL,14,50,50,53411,568937,14,1,1178,2380,0.47,255841,355,13
3,32,NULL,16,17,17,58815,568938,15,1294,1178,5360,1.00,255842,356,14
4,33,NULL,17,196,196,55505,568939,16,325,1178,1020,0.69,255843,357,14
4,34,NULL,18,184,184,20282,568940,17,1294,1178,1925,0.35,255844,358,14
3,35,NULL,19,50,50,49042,568941,18,1,1178,2090,0.37,255845,359,14
1,36,9,20,17,17,10902,568942,19,1294,1178,3730,0.66,255846,360,14
4,1,NULL,21,196,196,11580,7,1,325,1178,1490,1.00,255847,361,1
4,2,NULL,22,184,184,48903,8,2,1294,1178,5660,1.00,255848,362,1
1,3,NULL,23,50,50,8486,22,3,1,1178,4540,0.80,255849,363,1
1,5,NULL,24,17,17,30350,23,5,1294,1178,5660,1.00,255850,364,1
3,6,NULL,25,196,196,39828,24,6,325,1178,600,0.41,255851,365,1
3,8,NULL,26,184,184,38387,16,7,1294,1178,2980,0.53,255852,366,2
1,9,NULL,27,50,50,50859,17,8,1,1178,5680,1.00,255853,367,2
3,12,NULL,29,17,17,3471,101,9,1294,1178,2980,0.56,255854,368,2
3,13,NULL,30,196,196,20072,102,10,325,1178,600,0.41,255855,369,2
3,14,NULL,31,184,184,48994,178,11,1294,1178,5660,1.00,255856,370,2
3,16,NULL,32,50,50,4277,2,12,1,1178,2090,0.37,255857,371,3
3,17,NULL,33,17,17,28303,3,13,1294,1178,5360,1.00,255858,372,3
3,18,NULL,34,196,196,60482,9,14,325,1178,760,0.52,255859,373,3
9,19,NULL,35,184,184,22814,10,15,1294,1178,2860,0.52,255860,374,3
1,20,NULL,36,50,50,60603,14,16,1,1178,4540,0.80,255861,375,3
3,21,NULL,1,17,17,26830,4,17,1294,1178,5360,1.00,255862,376,4
3,22,NULL,2,196,196,48159,5,18,325,1178,1490,1.00,255863,377,4
9,23,NULL,3,184,184,40016,6,19,1294,1178,5580,1.00,255864,378,4
1,24,NULL,5,50,50,61845,11,1,1,1178,5680,1.00,255865,379,4
1,25,NULL,6,17,17,35424,12,2,1294,1178,5660,1.00,255866,380,4
2,26,NULL,8,196,196,61289,568918,3,325,1178,1240,1.00,255867,381,5
3,27,NULL,9,184,184,58052,568919,5,1294,1178,3730,0.66,255868,382,5
9,29,NULL,12,50,50,6170,568920,6,1,1178,1980,0.39,255869,383,5
3,30,1,13,17,17,61502,568921,7,1294,1178,5360,1.00,255870,384,5
3,31,NULL,14,196,196,7215,568922,8,325,1178,670,0.45,255871,385,5
3,32,NULL,16,184,184,9,568923,9,1294,1178,5660,1.00,255872,386,6
9,33,NULL,17,50,50,47426,568924,10,1,1178,2380,0.47,255873,387,6
1,34,NULL,18,17,17,26999,568925,11,1294,1178,3730,0.66,255874,388,6
3,35,NULL,19,196,196,39827,568926,12,325,1178,670,0.45,255875,389,6
1,36,NULL,20,184,184,23075,568927,13,1294,1178,2980,0.52,255876,390,6
9,1,NULL,21,50,50,45939,568928,14,1,1178,5160,1.00,255877,391,7
1,2,NULL,22,17,17,25194,568929,15,1294,1178,5660,1.00,255878,392,7
3,3,NULL,23,196,196,54843,568930,16,325,1178,760,0.52,255879,393,7
1,5,NULL,24,184,184,45775,568931,17,1294,1178,5810,1.00,255880,394,7
3,6,NULL,25,50,50,4170,568932,18,1,1178,2090,0.37,255881,395,7
4,8,NULL,26,17,17,48794,2217,19,1294,1178,5660,1.00,255882,396,8
3,9,NULL,27,196,196,20481,2218,1,325,1178,1490,1.00,255883,397,8
1,12,NULL,29,184,184,57554,2219,2,1294,1178,3730,0.65,255884,398,8
3,13,NULL,30,50,50,58908,2220,3,1,1178,2090,0.37,255885,399,8
1,14,NULL,31,17,17,22014,2496,5,1294,1178,3730,0.66,255886,400,8
1,16,NULL,32,196,196,2479,64,6,325,1178,1490,1.00,255887,401,9
1,17,NULL,33,184,184,23798,65,7,1294,1178,4170,0.72,255888,402,9
12,18,NULL,34,51,51,46647,76,8,1,1178,1190,0.32,255889,403,9
1,19,NULL,35,17,17,4095,77,9,1294,1178,5660,1.00,255890,404,9
4,20,NULL,36,196,196,40470,143,10,325,1178,795,0.54,255891,405,9
3,21,NULL,1,184,184,12631,1,11,1294,1178,2980,0.53,255892,406,12
12,22,NULL,2,51,51,44097,87,12,1,1178,3810,1.00,255893,407,12
3,23,31,3,17,17,9534,88,13,1294,1178,5360,1.00,255894,408,12
4,24,NULL,5,196,196,4293,165,14,325,1178,1100,0.74,255895,409,12
3,25,NULL,6,184,184,54918,238,15,1294,1178,5660,1.00,255896,410,12
3,26,NULL,8,51,51,10,568933,16,1,1178,2240,0.40,255897,411,13
4,27,NULL,9,17,17,13373,568934,17,1294,1178,5660,1.00,255898,412,13
4,29,NULL,12,196,196,35185,568935,18,325,1178,1100,0.74,255899,413,13
1,30,NULL,13,184,184,31067,568936,19,1294,1178,2240,0.39,255900,414,13
1,31,NULL,14,51,51,62717,568937,1,1,1178,4540,0.80,255901,415,13
1,32,NULL,16,17,17,55361,568938,2,1294,1178,2980,0.53,255902,416,14
4,33,NULL,17,196,196,31582,568939,3,325,1178,1490,1.00,255903,417,14
1,34,NULL,18,184,184,24520,568940,5,1294,1178,5810,1.00,255904,418,14
1,35,NULL,19,51,51,4418,568941,6,1,1178,5680,1.00,255905,419,14
1,36,NULL,20,17,17,54536,568942,7,1294,1178,5660,1.00,255906,420,14
3,1,NULL,21,196,196,27151,7,8,325,1178,830,0.56,255907,421,1
9,2,NULL,22,184,184,10815,8,9,1294,1178,2860,0.52,255908,422,1
3,3,NULL,23,51,51,42667,22,10,1,1178,2240,0.40,255909,423,1
3,5,NULL,24,17,17,51883,23,11,1294,1178,5360,1.00,255910,424,1
3,6,NULL,25,196,196,12119,24,12,325,1178,830,0.56,255911,425,1
9,8,NULL,26,184,184,33823,16,13,1294,1178,5580,1.00,255912,426,2
1,9,NULL,27,51,51,26807,17,14,1,1178,4540,0.80,255913,427,2
1,12,NULL,29,17,17,18276,101,15,1294,1178,2980,0.53,255914,428,2
3,13,NULL,30,196,196,14683,102,16,325,1178,920,0.62,255915,429,2
3,14,NULL,31,184,184,572,178,17,1294,1178,2240,0.40,255916,430,2
1,16,NULL,32,51,51,57769,2,18,1,1178,5680,1.00,255917,431,3
1,17,24,33,17,17,35995,3,19,1294,1178,5660,1.00,255918,432,3
3,18,NULL,34,196,196,49440,9,1,325,1178,1490,1.00,255919,433,3
3,19,NULL,35,184,184,5206,10,2,1294,1178,5660,1.00,255920,434,3
3,20,NULL,36,51,51,152,14,3,1,1178,2240,0.40,255921,435,3
9,21,NULL,1,17,17,39262,4,5,1294,1178,3400,0.69,255922,436,4
1,22,NULL,2,196,196,36947,5,6,325,1178,1490,1.00,255923,437,4
4,23,NULL,3,184,184,57641,6,7,1294,1178,5660,1.00,255924,438,4
3,24,NULL,5,51,51,44530,11,8,1,1178,5660,1.00,255925,439,4
9,25,NULL,6,17,17,12865,12,9,1294,1178,4900,1.00,255926,440,4
3,26,NULL,8,196,196,11,568918,10,325,1178,830,0.56,255927,441,5
3,27,NULL,9,184,184,2178,568919,11,1294,1178,2980,0.53,255928,442,5
3,29,NULL,12,51,51,36007,568920,12,1,1178,2240,0.40,255929,443,5
3,30,NULL,13,17,17,43602,568921,13,1294,1178,5360,1.00,255930,444,5
3,31,NULL,14,196,196,21057,568922,14,325,1178,830,0.56,255931,445,5
3,32,NULL,16,184,184,7350,568923,15,1294,1178,5660,1.00,255932,446,6
1,33,NULL,17,51,51,7552,568924,16,1,1178,4540,0.80,255933,447,6
1,34,NULL,18,17,17,19897,568925,17,1294,1178,3730,0.66,255934,448,6
3,35,NULL,19,196,196,8013,568926,18,325,1178,920,0.62,255935,449,6
3,36,NULL,20,184,184,38817,568927,19,1294,1178,2240,0.40,255936,450,6
1,1,NULL,21,51,51,48301,568928,1,1,1178,5680,1.00,255937,451,7
1,2,NULL,22,17,17,29759,568929,2,1294,1178,5660,1.00,255938,452,7
3,3,NULL,23,196,196,46994,568930,3,325,1178,1490,1.00,255939,453,7
3,5,NULL,24,184,184,17144,568931,5,1294,1178,5660,1.00,255940,454,7
3,6,NULL,25,51,51,59996,568932,6,1,1178,5660,1.00,255941,455,7
3,8,18,26,17,17,4504,2217,7,1294,1178,2980,0.56,255942,456,8
1,9,NULL,27,196,196,41820,2218,8,325,1178,1490,1.00,255943,457,8
12,12,NULL,29,185,185,50626,2219,9,1294,1178,1310,0.32,255944,458,8
1,13,NULL,30,51,51,20520,2220,10,1,1178,4540,0.80,255945,459,8
3,14,NULL,31,17,17,43475,2496,11,1294,1178,5360,1.00,255946,460,8
3,16,NULL,32,196,196,8542,64,12,325,1178,830,0.56,255947,461,9
12,17,NULL,33,185,185,24254,65,13,1294,1178,4170,1.00,255948,462,9
1,18,NULL,34,51,51,44165,76,14,1,1178,5680,1.00,255949,463,9
1,19,NULL,35,17,17,40717,77,15,1294,1178,2980,0.53,255950,464,9
3,20,NULL,36,196,196,28585,143,16,325,1178,830,0.56,255951,465,9
3,21,NULL,1,185,185,46361,1,17,1294,1178,2000,0.36,255952,466,12
3,22,NULL,2,51,51,47908,87,18,1,1178,2240,0.40,255953,467,12
1,23,NULL,3,17,17,55010,88,19,1294,1178,5660,1.00,255954,468,12
3,24,NULL,5,196,196,42033,165,1,325,1178,920,0.62,255955,469,12
3,25,NULL,6,185,185,30963,238,2,1294,1178,5660,1.00,255956,470,12
1,26,NULL,8,51,51,11419,568933,3,1,1178,5680,1.00,255957,471,13
9,27,NULL,9,17,17,41880,568934,5,1294,1178,3400,0.69,255958,472,13
3,29,NULL,12,196,196,33898,568935,6,325,1178,1490,1.00,255959,473,13
1,30,NULL,13,185,185,17366,568936,7,1294,1178,2240,0.39,255960,474,13
3,31,NULL,14,51,51,22650,568937,8,1,1178,2240,0.40,255961,475,13
9,32,NULL,16,17,17,44688,568938,9,1294,1178,4900,1.00,255962,476,14
1,33,NULL,17,196,196,12918,568939,10,325,1178,1490,1.00,255963,477,14
1,34,NULL,18,185,185,25188,568940,11,1294,1178,5810,1.00,255964,478,14
3,35,NULL,19,51,51,13299,568941,12,1,1178,2240,0.40,255965,479,14
3,36,9,20,17,17,44637,568942,13,1294,1178,3730,0.70,255966,480,14
3,1,NULL,21,196,196,47956,7,14,325,1178,670,0.45,255967,481,1
4,2,NULL,22,185,185,61026,8,15,1294,1178,1625,0.29,255968,482,1
3,3,NULL,23,51,51,45478,22,16,1,1178,2240,0.40,255969,483,1
3,5,NULL,24,17,17,29344,23,17,1294,1178,5360,1.00,255970,484,1
3,6,NULL,25,196,196,5892,24,18,325,1178,670,0.45,255971,485,1
4,8,NULL,26,185,185,9083,16,19,1294,1178,5660,1.00,255972,486,2
1,9,NULL,27,51,51,45658,17,1,1,1178,4540,0.80,255973,487,2
4,12,NULL,29,17,17,21868,101,2,1294,1178,5660,1.00,255974,488,2
3,13,NULL,30,196,196,43803,102,3,325,1178,760,0.52,255975,489,2
3,14,NULL,31,185,185,186,178,5,1294,1178,2240,0.40,255976,490,2
1,16,NULL,32,51,51,62770,2,6,1,1178,5680,1.00,255977,491,3
3,17,NULL,33,17,17,53178,3,7,1294,1178,2240,0.42,255978,492,3
3,18,NULL,34,196,196,30227,9,8,325,1178,1490,1.00,255979,493,3
3,19,NULL,35,185,185,38645,10,9,1294,1178,5660,1.00,255980,494,3
3,20,NULL,36,51,51,46017,14,10,1,1178,2240,0.40,255981,495,3
3,21,NULL,1,17,17,41401,4,11,1294,1178,5360,1.00,255982,496,4
3,22,NULL,2,196,196,11739,5,12,325,1178,830,0.56,255983,497,4
2,23,NULL,3,185,185,29113,6,13,1294,1178,1490,0.43,255984,498,4
3,24,NULL,5,51,51,41584,11,14,1,1178,2240,0.40,255985,499,4
3,25,NULL,6,17,17,35652,12,15,1294,1178,2240,0.42,255986,500,4
3,26,NULL,8,196,196,38894,568918,16,325,1178,830,0.56,255987,501,5
2,27,NULL,9,185,185,48037,568919,17,1294,1178,1490,0.43,255988,502,5
3,29,NULL,12,51,51,54015,568920,18,1,1178,5660,1.00,255989,503,5
3,30,1,13,17,17,44363,568921,19,1294,1178,5360,1.00,255990,504,5
3,31,NULL,14,196,196,26451,568922,1,325,1178,920,0.62,255991,505,5
2,32,NULL,16,185,185,10944,568923,2,1294,1178,3470,1.00,255992,506,6
1,33,NULL,17,51,51,44304,568924,3,1,1178,4540,0.80,255993,507,6
12,34,NULL,18,18,18,59542,568925,5,1294,1178,2040,1.00,255994,508,6
3,35,NULL,19,196,196,33321,568926,6,325,1178,1490,1.00,255995,509,6
3,36,NULL,20,185,185,45619,568927,7,1294,1178,2240,0.40,255996,510,6
1,1,NULL,21,51,51,11196,568928,8,1,1178,5680,1.00,255997,511,7
3,2,NULL,22,18,18,61774,568929,9,1294,1178,2240,0.42,255998,512,7
3,3,NULL,23,196,196,15692,568930,10,325,1178,830,0.56,255999,513,7
3,5,NULL,24,185,185,3969,568931,11,1294,1178,5660,1.00,256000,514,7
3,6,NULL,25,51,51,33105,568932,12,1,1178,5660,1.00,256001,515,7
3,8,NULL,26,18,18,30411,2217,13,1294,1178,5360,1.00,256002,516,8
3,9,NULL,27,196,196,8943,2218,14,325,1178,830,0.56,256003,517,8
1,12,NULL,29,185,185,50140,2219,15,1294,1178,2240,0.39,256004,518,8
1,13,NULL,30,51,51,6265,2220,16,1,1178,4540,0.80,256005,519,8
4,14,NULL,31,18,18,53937,2496,17,1294,1178,1935,0.34,256006,520,8
3,16,NULL,32,196,196,44657,64,18,325,1178,920,0.62,256007,521,9
1,17,NULL,33,185,185,27878,65,19,1294,1178,5810,1.00,256008,522,9
1,18,NULL,34,51,51,41084,76,1,1,1178,5680,1.00,256009,523,9
4,19,NULL,35,18,18,59565,77,2,1294,1178,5660,1.00,256010,524,9
3,20,NULL,36,196,196,56659,143,3,325,1178,1490,1.00,256011,525,9
1,21,NULL,1,185,185,48278,1,5,1294,1178,2980,0.52,256012,526,12
3,22,NULL,2,51,51,30674,87,6,1,1178,5660,1.00,256013,527,12
1,23,31,3,18,18,23645,88,7,1294,1178,1860,0.33,256014,528,12
8,24,NULL,5,196,196,18831,165,8,325,1178,968,0.79,256015,529,12
1,25,NULL,6,185,185,12260,238,9,1294,1178,3730,0.65,256016,530,12
1,26,NULL,8,51,51,53301,568933,10,1,1178,4540,0.80,256017,531,13
1,27,NULL,9,18,18,52817,568934,11,1294,1178,5660,1.00,256018,532,13
8,29,NULL,12,196,196,14568,568935,12,325,1178,1030,0.84,256019,533,13
1,30,NULL,13,185,185,60390,568936,13,1294,1178,4170,0.72,256020,534,13
1,31,NULL,14,51,51,31952,568937,14,1,1178,5680,1.00,256021,535,13
3,32,NULL,16,18,18,806,568938,15,1294,1178,2240,0.42,256022,536,14
8,33,NULL,17,196,196,18723,568939,16,325,1178,971,0.79,256023,537,14
4,34,NULL,18,185,185,50195,568940,17,1294,1178,1625,0.29,256024,538,14
3,35,NULL,19,51,51,43289,568941,18,1,1178,2240,0.40,256025,539,14
3,36,NULL,20,18,18,22826,568942,19,1294,1178,5360,1.00,256026,540,14
8,1,NULL,21,196,196,31708,7,1,325,1178,980,0.80,256027,541,1
4,2,NULL,22,185,185,19283,8,2,1294,1178,5660,1.00,256028,542,1
1,3,NULL,23,51,51,36128,22,3,1,1178,4540,0.80,256029,543,1
4,5,NULL,24,18,18,12,23,5,1294,1178,1935,0.34,256030,544,1
8,6,NULL,25,196,196,26896,24,6,325,1178,1240,1.00,256031,545,1
3,8,NULL,26,185,185,51591,16,7,1294,1178,3730,0.66,256032,546,2
1,9,NULL,27,51,51,43618,17,8,1,1178,5680,1.00,256033,547,2
4,12,NULL,29,18,18,30921,101,9,1294,1178,5660,1.00,256034,548,2
1,13,NULL,30,196,196,36282,102,10,325,1178,1490,1.00,256035,549,2
3,14,NULL,31,185,185,25771,178,11,1294,1178,5660,1.00,256036,550,2
3,16,NULL,32,51,51,23,2,12,1,1178,5660,1.00,256037,551,3
1,17,24,33,18,18,9875,3,13,1294,1178,2010,0.36,256038,552,3
3,18,NULL,34,196,196,60566,9,14,325,1178,660,0.45,256039,553,3
1,19,NULL,35,185,185,52757,10,15,1294,1178,2980,0.52,256040,554,3
1,20,NULL,36,51,51,13,14,16,1,1178,4540,0.80,256041,555,3
1,21,NULL,1,18,18,29259,4,17,1294,1178,5660,1.00,256042,556,4
3,22,NULL,2,196,196,45063,5,18,325,1178,660,0.45,256043,557,4
1,23,NULL,3,185,185,33370,6,19,1294,1178,5810,1.00,256044,558,4
1,24,NULL,5,51,51,22095,11,1,1,1178,5680,1.00,256045,559,4
3,25,NULL,6,18,18,3743,12,2,1294,1178,2240,0.42,256046,560,4
3,26,NULL,8,196,196,18684,568918,3,325,1178,760,0.52,256047,561,5
1,27,NULL,9,185,185,32827,568919,5,1294,1178,3730,0.65,256048,562,5
9,29,NULL,12,51,51,8633,568920,6,1,1178,5160,1.00,256049,563,5
3,30,NULL,13,18,18,7096,568921,7,1294,1178,5360,1.00,256050,564,5
3,31,NULL,14,196,196,2152,568922,8,325,1178,1490,1.00,256051,565,5
1,32,NULL,16,185,185,6796,568923,9,1294,1178,4170,0.72,256052,566,6
3,33,NULL,17,51,51,17711,568924,10,1,1178,2240,0.40,256053,567,6
3,34,NULL,18,18,18,61168,568925,11,1294,1178,3730,0.70,256054,568,6
3,35,NULL,19,196,196,2847,568926,12,325,1178,830,0.56,256055,569,6
3,36,NULL,20,185,185,24387,568927,13,1294,1178,2980,0.53,256056,570,6
1,1,NULL,21,51,51,47025,568928,14,1,1178,4540,0.80,256057,571,7
3,2,NULL,22,18,18,26083,568929,15,1294,1178,5360,1.00,256058,572,7
3,3,NULL,23,196,196,599,568930,16,325,1178,830,0.56,256059,573,7
3,5,NULL,24,185,185,13959,568931,17,1294,1178,5660,1.00,256060,574,7
1,6,NULL,25,51,51,53274,568932,18,1,1178,5680,1.00,256061,575,7
2,8,18,26,18,18,2607,2217,19,1294,1178,2850,0.82,256062,576,8
3,9,NULL,27,196,196,57757,2218,1,325,1178,920,0.62,256063,577,8
1,12,NULL,29,185,185,13886,2219,2,1294,1178,2980,0.52,256064,578,8
3,13,NULL,30,51,51,39105,2220,3,1,1178,2240,0.40,256065,579,8
2,14,NULL,31,18,18,3985,2496,5,1294,1178,3470,1.00,256066,580,8
3,16,NULL,32,196,196,43556,64,6,325,1178,1490,1.00,256067,581,9
1,17,NULL,33,185,185,14,65,7,1294,1178,5810,1.00,256068,582,9
3,18,NULL,34,51,51,20482,76,8,1,1178,5660,1.00,256069,583,9
3,19,NULL,35,18,18,12177,77,9,1294,1178,2980,0.56,256070,584,9
1,20,NULL,36,196,196,27075,143,10,325,1178,1490,1.00,256071,585,9
1,21,NULL,1,185,185,17480,1,11,1294,1178,3730,0.65,256072,586,12
1,22,NULL,2,51,51,21338,87,12,1,1178,4540,0.80,256073,587,12
3,23,NULL,3,18,18,52544,88,13,1294,1178,5360,1.00,256074,588,12
4,24,NULL,5,196,196,26502,165,14,325,1178,795,0.54,256075,589,12
1,25,NULL,6,185,185,42980,238,15,1294,1178,4170,0.72,256076,590,12
1,26,NULL,8,51,51,15,568933,16,1,1178,5680,1.00,256077,591,13
1,27,NULL,9,18,18,51784,568934,17,1294,1178,2980,0.53,256078,592,13
4,29,NULL,12,196,196,21496,568935,18,325,1178,1100,0.74,256079,593,13
3,30,NULL,13,185,185,26233,568936,19,1294,1178,2980,0.53,256080,594,13
9,31,NULL,14,51,51,58813,568937,1,1,1178,2230,0.44,256081,595,13
1,32,NULL,16,18,18,1518,568938,2,1294,1178,5660,1.00,256082,596,14
4,33,NULL,17,196,196,61812,568939,3,325,1178,1100,0.74,256083,597,14
3,34,NULL,18,185,185,55308,568940,5,1294,1178,5660,1.00,256084,598,14
9,35,NULL,19,51,51,22429,568941,6,1,1178,5160,1.00,256085,599,14
4,36,9,20,147,147,39649,568942,7,325,1178,590,0.40,553085,600,14
